First Name,Last Name,Domain,Company Name
Will,RYAN,advoclik.com,Advoclik
Miles,WITThaus,tgggroup.com,TGG Group
Cody    ,C  o  o  k,tgggroup.com,TGG Group
Justin,Knechtel,swap.com,Swap.com
Sara,Haddox,swap.com,Swap.com
Dave,Longwell,rentlikeachampion.com,Rent Champ
Bennet,Hayes,rentlikeachampion.com,Rent Champ
Jimmye,Ahn,whittl.com,Whittl
Matt,Donahue,whittl.com,Whittl
Brian,Fitzgerald,groupon.com,Groupon
